,Mean Rewards,Standard error
0,0.6394374966621399,[0.04506134]
1,0.6628124713897705,[0.0513485]
