,Mean Rewards,Standard deviation
0,89.8653564453125,3.758239507675171
