,Mean Rewards,Standard deviation
0,90.54383850097656,2.0664427280426025
