,Mean Rewards,Standard deviation
0,96.71282958984375,3.066272735595703
1,88.84992980957031,0.34011077880859375
2,99.51963806152344,0.25946807861328125
